{
    "faces": [32,1,3,2,0,1,1,32,1,4,3,0,1,1,32,1,5,4,0,1,1,32,1,0,5,0,1,1,32,9,7,8,2,3,2,32,10,7,9,2,3,2,32,11,7,10,2,3,2,32,6,7,11,2,3,2,33,13,15,14,12,4,5,5,4,33,15,17,16,14,5,6,6,5,33,17,19,18,16,6,7,7,6,33,19,21,20,18,7,7,7,7,33,21,23,22,20,7,7,7,7,33,23,13,12,22,7,4,4,7,33,25,27,26,24,8,9,9,8,33,27,29,28,26,9,10,10,9,33,29,31,30,28,10,11,11,10,33,31,33,32,30,11,11,11,11,33,33,35,34,32,11,11,11,11,33,35,25,24,34,11,8,8,11,33,37,39,38,36,12,13,13,12,33,39,41,40,38,13,14,14,13,33,41,43,42,40,14,15,15,14,33,43,45,44,42,15,15,15,15,33,45,47,46,44,15,15,15,15,33,47,37,36,46,15,12,12,15],
    "normals": [0,0,0.999969,0,0,1,0,0,-1,0,0,-0.999969,0.408246,-0.408246,-0.816492,-0.408246,-0.408246,-0.816492,-0.408246,0.408246,-0.816492,0.408246,0.408246,-0.816492,0.707083,-0.707083,0,-0.707083,-0.707083,0,-0.707083,0.707083,0,0.707083,0.707083,0,0.408246,-0.408246,0.816492,-0.408246,-0.408246,0.816492,-0.408246,0.408246,0.816492,0.408246,0.408246,0.816492],
    "metadata": {
        "faces": 26,
        "version": 3,
        "normals": 16,
        "type": "Geometry",
        "uvs": 0,
        "vertices": 48,
        "generator": "io_three"
    },
    "name": "CUText.002Geometry.3",
    "uvs": [],
    "vertices": [0.51304,-0.795596,0.106,-0.453262,-0.795596,0.106,-0.453262,0.942358,0.106,-0.066278,0.942358,0.106,-0.066278,-0.603262,0.106,0.51304,-0.603262,0.106,0.51304,-0.795596,-0.106,-0.453262,-0.795596,-0.106,-0.453262,0.942358,-0.106,-0.066278,0.942358,-0.106,-0.066278,-0.603262,-0.106,0.51304,-0.603262,-0.106,0.51304,-0.795596,-0.106,0.52604,-0.808596,-0.093,-0.453262,-0.795596,-0.106,-0.466262,-0.808596,-0.093,-0.453262,0.942358,-0.106,-0.466262,0.955358,-0.093,-0.066278,0.942358,-0.106,-0.053278,0.955358,-0.093,-0.066278,-0.603262,-0.106,-0.053278,-0.590262,-0.093,0.51304,-0.603262,-0.106,0.52604,-0.590262,-0.093,0.52604,-0.808596,-0.093,0.52604,-0.808596,0.093,-0.466262,-0.808596,-0.093,-0.466262,-0.808596,0.093,-0.466262,0.955358,-0.093,-0.466262,0.955358,0.093,-0.053278,0.955358,-0.093,-0.053278,0.955358,0.093,-0.053278,-0.590262,-0.093,-0.053278,-0.590262,0.093,0.52604,-0.590262,-0.093,0.52604,-0.590262,0.093,0.52604,-0.808596,0.093,0.51304,-0.795596,0.106,-0.466262,-0.808596,0.093,-0.453262,-0.795596,0.106,-0.466262,0.955358,0.093,-0.453262,0.942358,0.106,-0.053278,0.955358,0.093,-0.066278,0.942358,0.106,-0.053278,-0.590262,0.093,-0.066278,-0.603262,0.106,0.52604,-0.590262,0.093,0.51304,-0.603262,0.106]
}