{
    "faces": [32,1,3,2,0,0,0,32,1,4,3,0,0,0,32,1,5,4,0,0,0,32,1,0,5,0,0,0,32,9,7,8,1,1,1,32,10,7,9,1,1,1,32,11,7,10,1,1,1,32,6,7,11,1,1,1,33,13,15,14,12,2,3,3,2,33,15,17,16,14,3,4,4,3,33,17,19,18,16,4,5,5,4,33,19,21,20,18,5,5,5,5,33,21,23,22,20,5,5,5,5,33,23,13,12,22,5,2,2,5,33,25,27,26,24,6,7,7,6,33,27,29,28,26,7,8,8,7,33,29,31,30,28,8,9,9,8,33,31,33,32,30,9,9,9,9,33,33,35,34,32,9,9,9,9,33,35,25,24,34,9,6,6,9,33,37,39,38,36,10,11,11,10,33,39,41,40,38,11,12,12,11,33,41,43,42,40,12,13,13,12,33,43,45,44,42,13,13,13,13,33,45,47,46,44,13,13,13,13,33,47,37,36,46,13,10,10,13],
    "normals": [0,0,1,0,0,-1,0.408246,-0.408246,-0.816492,-0.408246,-0.408246,-0.816492,-0.408246,0.408246,-0.816492,0.408246,0.408246,-0.816492,0.707083,-0.707083,0,-0.707083,-0.707083,0,-0.707083,0.707083,0,0.707083,0.707083,0,0.408246,-0.408246,0.816492,-0.408246,-0.408246,0.816492,-0.408246,0.408246,0.816492,0.408246,0.408246,0.816492],
    "metadata": {
        "faces": 26,
        "version": 3,
        "normals": 14,
        "type": "Geometry",
        "uvs": 0,
        "vertices": 48,
        "generator": "io_three"
    },
    "name": "CUTextGeometry.2",
    "uvs": [],
    "vertices": [0.51304,-0.795596,0.106,-0.453262,-0.795596,0.106,-0.453262,0.942358,0.106,-0.066278,0.942358,0.106,-0.066278,-0.603262,0.106,0.51304,-0.603262,0.106,0.51304,-0.795596,-0.106,-0.453262,-0.795596,-0.106,-0.453262,0.942358,-0.106,-0.066278,0.942358,-0.106,-0.066278,-0.603262,-0.106,0.51304,-0.603262,-0.106,0.51304,-0.795596,-0.106,0.52604,-0.808596,-0.093,-0.453262,-0.795596,-0.106,-0.466262,-0.808596,-0.093,-0.453262,0.942358,-0.106,-0.466262,0.955358,-0.093,-0.066278,0.942358,-0.106,-0.053278,0.955358,-0.093,-0.066278,-0.603262,-0.106,-0.053278,-0.590262,-0.093,0.51304,-0.603262,-0.106,0.52604,-0.590262,-0.093,0.52604,-0.808596,-0.093,0.52604,-0.808596,0.093,-0.466262,-0.808596,-0.093,-0.466262,-0.808596,0.093,-0.466262,0.955358,-0.093,-0.466262,0.955358,0.093,-0.053278,0.955358,-0.093,-0.053278,0.955358,0.093,-0.053278,-0.590262,-0.093,-0.053278,-0.590262,0.093,0.52604,-0.590262,-0.093,0.52604,-0.590262,0.093,0.52604,-0.808596,0.093,0.51304,-0.795596,0.106,-0.466262,-0.808596,0.093,-0.453262,-0.795596,0.106,-0.466262,0.955358,0.093,-0.453262,0.942358,0.106,-0.053278,0.955358,0.093,-0.066278,0.942358,0.106,-0.053278,-0.590262,0.093,-0.066278,-0.603262,0.106,0.52604,-0.590262,0.093,0.51304,-0.603262,0.106]
}